/*
Navicat MySQL Data Transfer

Source Server         : localhost
Source Server Version : 50525
Source Host           : localhost:3306
Source Database       : bustation

Target Server Type    : MYSQL
Target Server Version : 50525
File Encoding         : 65001

Date: 2017-04-14 10:51:20
*/

SET FOREIGN_KEY_CHECKS=0;

-- ----------------------------
-- Table structure for linestation
-- ----------------------------
DROP TABLE IF EXISTS `linestation`;
CREATE TABLE `linestation` (
  `id` bigint(20) NOT NULL AUTO_INCREMENT,
  `lineid` bigint(20) NOT NULL COMMENT '公交线路id',
  `stationid` bigint(20) NOT NULL COMMENT '公交站点id',
  `sn` bigint(10) NOT NULL COMMENT '顺序',
  PRIMARY KEY (`id`),
  KEY `lineid` (`lineid`),
  KEY `stationid` (`stationid`),
  CONSTRAINT `linestation_ibfk_1` FOREIGN KEY (`lineid`) REFERENCES `roadline` (`id`),
  CONSTRAINT `linestation_ibfk_2` FOREIGN KEY (`stationid`) REFERENCES `roadstation` (`id`)
) ENGINE=InnoDB AUTO_INCREMENT=115 DEFAULT CHARSET=utf8;

-- ----------------------------
-- Records of linestation
-- ----------------------------
INSERT INTO `linestation` VALUES ('9', '2', '10', '0');
INSERT INTO `linestation` VALUES ('12', '2', '13', '1');
INSERT INTO `linestation` VALUES ('13', '2', '14', '2');
INSERT INTO `linestation` VALUES ('14', '2', '15', '3');
INSERT INTO `linestation` VALUES ('15', '2', '16', '4');
INSERT INTO `linestation` VALUES ('16', '2', '17', '5');
INSERT INTO `linestation` VALUES ('17', '2', '18', '6');
INSERT INTO `linestation` VALUES ('18', '2', '19', '7');
INSERT INTO `linestation` VALUES ('19', '2', '20', '8');
INSERT INTO `linestation` VALUES ('20', '2', '21', '9');
INSERT INTO `linestation` VALUES ('21', '2', '22', '10');
INSERT INTO `linestation` VALUES ('22', '2', '23', '11');
INSERT INTO `linestation` VALUES ('23', '2', '24', '12');
INSERT INTO `linestation` VALUES ('24', '2', '25', '13');
INSERT INTO `linestation` VALUES ('25', '2', '26', '14');
INSERT INTO `linestation` VALUES ('26', '2', '27', '15');
INSERT INTO `linestation` VALUES ('27', '2', '28', '16');
INSERT INTO `linestation` VALUES ('28', '2', '29', '17');
INSERT INTO `linestation` VALUES ('29', '2', '30', '18');
INSERT INTO `linestation` VALUES ('30', '2', '30', '19');
INSERT INTO `linestation` VALUES ('31', '2', '31', '20');
INSERT INTO `linestation` VALUES ('32', '3', '32', '0');
INSERT INTO `linestation` VALUES ('33', '3', '33', '1');
INSERT INTO `linestation` VALUES ('34', '3', '34', '2');
INSERT INTO `linestation` VALUES ('35', '3', '35', '3');
INSERT INTO `linestation` VALUES ('36', '3', '36', '4');
INSERT INTO `linestation` VALUES ('37', '3', '37', '5');
INSERT INTO `linestation` VALUES ('38', '3', '38', '6');
INSERT INTO `linestation` VALUES ('39', '3', '39', '7');
INSERT INTO `linestation` VALUES ('40', '3', '40', '8');
INSERT INTO `linestation` VALUES ('41', '3', '41', '9');
INSERT INTO `linestation` VALUES ('42', '3', '42', '10');
INSERT INTO `linestation` VALUES ('43', '3', '43', '11');
INSERT INTO `linestation` VALUES ('44', '3', '44', '12');
INSERT INTO `linestation` VALUES ('45', '3', '45', '13');
INSERT INTO `linestation` VALUES ('46', '3', '46', '14');
INSERT INTO `linestation` VALUES ('47', '4', '47', '0');
INSERT INTO `linestation` VALUES ('48', '4', '48', '1');
INSERT INTO `linestation` VALUES ('49', '4', '49', '2');
INSERT INTO `linestation` VALUES ('50', '4', '50', '3');
INSERT INTO `linestation` VALUES ('51', '4', '51', '4');
INSERT INTO `linestation` VALUES ('52', '4', '32', '5');
INSERT INTO `linestation` VALUES ('53', '4', '33', '6');
INSERT INTO `linestation` VALUES ('54', '4', '34', '7');
INSERT INTO `linestation` VALUES ('55', '4', '35', '8');
INSERT INTO `linestation` VALUES ('56', '4', '36', '9');
INSERT INTO `linestation` VALUES ('57', '4', '52', '10');
INSERT INTO `linestation` VALUES ('58', '4', '53', '11');
INSERT INTO `linestation` VALUES ('59', '4', '54', '12');
INSERT INTO `linestation` VALUES ('60', '4', '55', '13');
INSERT INTO `linestation` VALUES ('61', '4', '56', '14');
INSERT INTO `linestation` VALUES ('62', '4', '57', '15');
INSERT INTO `linestation` VALUES ('63', '4', '58', '16');
INSERT INTO `linestation` VALUES ('64', '4', '59', '17');
INSERT INTO `linestation` VALUES ('65', '4', '60', '18');
INSERT INTO `linestation` VALUES ('66', '3', '61', '15');
INSERT INTO `linestation` VALUES ('67', '3', '62', '16');
INSERT INTO `linestation` VALUES ('68', '3', '63', '17');
INSERT INTO `linestation` VALUES ('69', '3', '64', '18');
INSERT INTO `linestation` VALUES ('70', '3', '65', '19');
INSERT INTO `linestation` VALUES ('71', '3', '66', '20');
INSERT INTO `linestation` VALUES ('72', '3', '67', '21');
INSERT INTO `linestation` VALUES ('73', '3', '68', '22');
INSERT INTO `linestation` VALUES ('74', '3', '69', '23');
INSERT INTO `linestation` VALUES ('75', '3', '70', '24');
INSERT INTO `linestation` VALUES ('76', '3', '71', '25');
INSERT INTO `linestation` VALUES ('77', '3', '72', '26');
INSERT INTO `linestation` VALUES ('78', '3', '73', '27');
INSERT INTO `linestation` VALUES ('79', '3', '74', '28');
INSERT INTO `linestation` VALUES ('80', '3', '75', '29');
INSERT INTO `linestation` VALUES ('81', '3', '76', '30');
INSERT INTO `linestation` VALUES ('82', '3', '77', '31');
INSERT INTO `linestation` VALUES ('83', '3', '78', '32');
INSERT INTO `linestation` VALUES ('84', '3', '79', '33');
INSERT INTO `linestation` VALUES ('85', '3', '80', '34');
INSERT INTO `linestation` VALUES ('86', '3', '81', '35');
INSERT INTO `linestation` VALUES ('87', '5', '82', '0');
INSERT INTO `linestation` VALUES ('88', '5', '83', '1');
INSERT INTO `linestation` VALUES ('89', '6', '84', '0');
INSERT INTO `linestation` VALUES ('90', '6', '85', '1');
INSERT INTO `linestation` VALUES ('91', '5', '86', '2');
INSERT INTO `linestation` VALUES ('92', '5', '87', '3');
INSERT INTO `linestation` VALUES ('93', '5', '84', '4');
INSERT INTO `linestation` VALUES ('94', '5', '88', '5');
INSERT INTO `linestation` VALUES ('95', '5', '89', '6');
INSERT INTO `linestation` VALUES ('96', '5', '90', '7');
INSERT INTO `linestation` VALUES ('97', '5', '32', '8');
INSERT INTO `linestation` VALUES ('98', '5', '33', '9');
INSERT INTO `linestation` VALUES ('99', '5', '34', '10');
INSERT INTO `linestation` VALUES ('100', '5', '35', '11');
INSERT INTO `linestation` VALUES ('101', '5', '36', '12');
INSERT INTO `linestation` VALUES ('102', '5', '37', '13');
INSERT INTO `linestation` VALUES ('103', '5', '91', '14');
INSERT INTO `linestation` VALUES ('104', '7', '85', '0');
INSERT INTO `linestation` VALUES ('105', '7', '92', '1');
INSERT INTO `linestation` VALUES ('106', '7', '93', '2');
INSERT INTO `linestation` VALUES ('107', '7', '94', '3');
INSERT INTO `linestation` VALUES ('108', '7', '95', '4');
INSERT INTO `linestation` VALUES ('109', '7', '48', '5');
INSERT INTO `linestation` VALUES ('110', '7', '47', '6');
INSERT INTO `linestation` VALUES ('111', '7', '96', '7');
INSERT INTO `linestation` VALUES ('112', '7', '43', '8');
INSERT INTO `linestation` VALUES ('113', '7', '97', '9');
INSERT INTO `linestation` VALUES ('114', '7', '98', '10');

-- ----------------------------
-- Table structure for roadline
-- ----------------------------
DROP TABLE IF EXISTS `roadline`;
CREATE TABLE `roadline` (
  `id` bigint(20) NOT NULL AUTO_INCREMENT,
  `name` varchar(128) NOT NULL COMMENT '公交线路名称',
  `startid` bigint(20) DEFAULT NULL COMMENT '起点',
  `endid` bigint(20) DEFAULT NULL COMMENT '终点',
  `startTime` time DEFAULT NULL,
  `endTime` time DEFAULT NULL,
  `line` linestring DEFAULT NULL COMMENT '空间数据库线路',
  `end_time` time DEFAULT NULL,
  `start_time` time DEFAULT NULL,
  PRIMARY KEY (`id`),
  KEY `startid` (`startid`),
  KEY `endid` (`endid`),
  CONSTRAINT `roadline_ibfk_1` FOREIGN KEY (`startid`) REFERENCES `roadstation` (`id`),
  CONSTRAINT `roadline_ibfk_2` FOREIGN KEY (`endid`) REFERENCES `roadstation` (`id`)
) ENGINE=InnoDB AUTO_INCREMENT=8 DEFAULT CHARSET=utf8;

-- ----------------------------
-- Records of roadline
-- ----------------------------
INSERT INTO `roadline` VALUES ('2', '708路', '10', '31', '06:30:00', '21:30:00', GeomFromText('LINESTRING(114.231199 30.554464, 114.231033 30.554499, 114.231064 30.554666, 114.231127 30.55488, 114.231163 30.555031, 114.231213 30.555163, 114.231249 30.555295, 114.231302 30.555478, 114.231392 30.555723, 114.231455 30.555937, 114.231527 30.556151, 114.231567 30.556326, 114.231666 30.556594, 114.23172 30.5568, 114.231765 30.556971, 114.231819 30.55715, 114.231891 30.557344, 114.231945 30.557515, 114.23199 30.557694, 114.232053 30.557896, 114.232129 30.558125, 114.232196 30.558347, 114.232304 30.558744, 114.232358 30.558946, 114.232407 30.559128, 114.232488 30.559439, 114.232614 30.559618, 114.232681 30.559844, 114.232776 30.560116, 114.232879 30.560349, 114.23291 30.560497, 114.233117 30.561006, 114.233216 30.561305, 114.233346 30.561709, 114.2334 30.561865, 114.233494 30.562203, 114.233647 30.562638, 114.233863 30.563303, 114.233903 30.563513, 114.234235 30.563431, 114.234743 30.563307, 114.235017 30.563276, 114.235309 30.563222, 114.235511 30.563194, 114.235727 30.563179, 114.23601 30.56312, 114.236284 30.563082, 114.236549 30.563047, 114.236773 30.563031, 114.236966 30.562981, 114.237146 30.562957, 114.237321 30.562934, 114.237788 30.562852, 114.23808 30.562825, 114.238354 30.562782, 114.238619 30.562747, 114.238978 30.562708, 114.239351 30.562662, 114.239931 30.562572, 114.240416 30.562479, 114.240748 30.562417, 114.241063 30.562394, 114.241458 30.5623, 114.241898 30.56223, 114.242356 30.562098, 114.242778 30.561989, 114.2432 30.561857, 114.243713 30.561678, 114.244198 30.561468, 114.244826 30.561204, 114.245383 30.560979, 114.246003 30.56073, 114.246857 30.560427, 114.24762 30.560155, 114.248671 30.559766, 114.249632 30.559494, 114.25062 30.559105, 114.251411 30.558825, 114.252381 30.558491, 114.253477 30.558188, 114.254214 30.557978, 114.254843 30.557799, 114.255301 30.557768, 114.255862 30.557655, 114.256415 30.557542, 114.256859 30.55748, 114.257475 30.557329, 114.257888 30.557329, 114.258148 30.55729, 114.258624 30.557204, 114.259042 30.557134, 114.259487 30.557068, 114.2599 30.556998, 114.260295 30.556936, 114.260744 30.556874, 114.261176 30.556808, 114.261939 30.556687, 114.262523 30.556586, 114.263233 30.556473, 114.263906 30.556372, 114.264445 30.556295, 114.264904 30.556209, 114.265267 30.556151, 114.265829 30.556069, 114.266498 30.55596, 114.267266 30.555851, 114.267697 30.555805, 114.268178 30.555735, 114.268847 30.555669, 114.269422 30.555657, 114.270347 30.555676, 114.271273 30.55568, 114.271973 30.555711, 114.27244 30.555731, 114.272602 30.555762, 114.272584 30.556065, 114.272548 30.55666, 114.272508 30.557457, 114.272445 30.558378, 114.272333 30.559657, 114.272467 30.55968, 114.272548 30.55975, 114.272624 30.559836, 114.272669 30.559968, 114.272665 30.560108, 114.272575 30.560244, 114.272535 30.560318, 114.272476 30.560462, 114.272418 30.560602, 114.272386 30.56078, 114.272355 30.56099, 114.27235 30.561363, 114.272368 30.561799, 114.272391 30.562409, 114.272463 30.562798, 114.272589 30.563303, 114.27271 30.563859, 114.272782 30.564073, 114.273056 30.565173, 114.273195 30.565678, 114.27333 30.5663, 114.273568 30.567357, 114.273896 30.568928, 114.27421 30.570183, 114.27443 30.571745, 114.274551 30.572845, 114.274614 30.573642, 114.274686 30.574245, 114.274771 30.575072, 114.274812 30.575446, 114.273312 30.575372, 114.272494 30.575317, 114.271421 30.575259, 114.270388 30.575243, 114.269597 30.575228, 114.269135 30.575236, 114.268187 30.575185, 114.267082 30.575232, 114.265824 30.575407, 114.264872 30.5755, 114.265797 30.575329, 114.266444 30.57524, 114.266799 30.575189, 114.267437 30.575162, 114.268173 30.575119, 114.268241 30.574808, 114.268304 30.574497, 114.268402 30.573992, 114.268438 30.573572, 114.268438 30.57325, 114.268443 30.572616, 114.268434 30.571959, 114.268375 30.571536, 114.268205 30.570813, 114.268205 30.570618, 114.269678 30.570338, 114.270316 30.570237, 114.271708 30.570012, 114.272427 30.569779, 114.27346 30.569476, 114.274915 30.569165, 114.275589 30.569071, 114.277062 30.568854, 114.277844 30.568628, 114.278392 30.568551, 114.279568 30.56831, 114.280467 30.568216, 114.281383 30.568053, 114.285371 30.567695, 114.28689 30.567765, 114.287689 30.568069, 114.288587 30.568807, 114.289198 30.569942, 114.289162 30.570999, 114.28927 30.571644, 114.28971 30.572126, 114.290249 30.572398, 114.29068 30.572515, 114.291139 30.572663, 114.29192 30.572593, 114.292684 30.572531, 114.293151 30.572492, 114.294777 30.572212, 114.295747 30.57208, 114.296699 30.57194, 114.297463 30.571878, 114.297966 30.572002, 114.298523 30.572243, 114.298891 30.572608, 114.299241 30.572966, 114.299654 30.573331, 114.299969 30.573697, 114.300485 30.574318, 114.30089 30.574967, 114.301195 30.575523, 114.301375 30.575861, 114.301635 30.576289, 114.301914 30.576748, 114.302237 30.57733, 114.302749 30.578232, 114.303216 30.579188, 114.303764 30.580393, 114.304177 30.581248, 114.304456 30.581777, 114.304492 30.582064, 114.304366 30.582313, 114.304321 30.582484, 114.304366 30.58267, 114.304456 30.582865, 114.304824 30.583541, 114.305148 30.584139, 114.305399 30.584582, 114.305893 30.585546, 114.306154 30.58597, 114.306351 30.586366, 114.306576 30.586813, 114.30676 30.587163, 114.306985 30.58766, 114.307146 30.587928, 114.307357 30.58829, 114.307569 30.588601, 114.307744 30.5889, 114.308049 30.589471, 114.308175 30.589763, 114.308399 30.590151, 114.308588 30.590598, 114.308831 30.591092, 114.308992 30.591453, 114.309257 30.592016, 114.309486 30.592584, 114.309653 30.592887, 114.309819 30.593349, 114.309994 30.593718, 114.310268 30.594251, 114.310542 30.594764, 114.310811 30.595327, 114.311 30.595716, 114.311328 30.596392, 114.311463 30.596644, 114.311746 30.597243, 114.31184 30.597441, 114.31206 30.598004, 114.312222 30.598284, 114.312509 30.598848, 114.312666 30.599108, 114.312985 30.599695, 114.313165 30.599994, 114.313601 30.600716, 114.314081 30.601486, 114.314562 30.602306, 114.314059 30.601711, 114.31343 30.601999, 114.312478 30.602395, 114.312127 30.602582, 114.312451 30.603009, 114.312653 30.603366)'), null, null);
INSERT INTO `roadline` VALUES ('3', '709路', '32', '81', '06:00:00', '09:30:00', GeomFromText('LINESTRING(114.411367 30.529878, 114.411251 30.529876, 114.411058 30.529806, 114.410941 30.52974, 114.410712 30.529643, 114.410523 30.529569, 114.410393 30.529492, 114.410169 30.52939, 114.409926 30.529289, 114.409665 30.529173, 114.409427 30.52904, 114.409194 30.528912, 114.408996 30.52878, 114.408799 30.528558, 114.408641 30.528395, 114.408471 30.528166, 114.408399 30.527994, 114.408367 30.527905, 114.408349 30.527788, 114.408309 30.527574, 114.408278 30.527353, 114.408228 30.527073, 114.408192 30.526742, 114.408143 30.526412, 114.40804 30.525743, 114.40795 30.525272, 114.407842 30.524557, 114.407644 30.523608, 114.407483 30.522768, 114.407177 30.521322, 114.407033 30.520388, 114.406764 30.519144, 114.406369 30.517339, 114.406189 30.515613, 114.406045 30.514586, 114.405857 30.513855, 114.405825 30.51345, 114.405785 30.513124, 114.405664 30.512817, 114.405412 30.512657, 114.405304 30.512634, 114.405178 30.512564, 114.405057 30.51249, 114.4049 30.512431, 114.404756 30.512428, 114.404518 30.512482, 114.404316 30.512579, 114.403656 30.512925, 114.403283 30.513104, 114.402906 30.513295, 114.402326 30.513587, 114.401751 30.513894, 114.401221 30.51431, 114.400072 30.515333, 114.399829 30.515543, 114.399569 30.515737, 114.399065 30.516235, 114.396963 30.518172, 114.396182 30.518848, 114.395553 30.519362, 114.395266 30.519579, 114.395126 30.519735, 114.394776 30.520038, 114.394448 30.520299, 114.394242 30.520482, 114.394053 30.520641, 114.393819 30.520847, 114.393604 30.521014, 114.393451 30.521143, 114.393325 30.521217, 114.393209 30.521294, 114.393078 30.52136, 114.39289 30.521438, 114.392687 30.52152, 114.392521 30.521598, 114.392431 30.521621, 114.392315 30.521664, 114.392184 30.521707, 114.392023 30.521749, 114.391897 30.52178, 114.391758 30.521819, 114.391623 30.521843, 114.391434 30.521901, 114.391214 30.521975, 114.390981 30.522025, 114.390765 30.522088, 114.390383 30.522185, 114.390141 30.522255, 114.389624 30.522379, 114.38922 30.52248, 114.388843 30.522566, 114.388376 30.522652, 114.387944 30.522753, 114.387558 30.522854, 114.387405 30.5229, 114.387221 30.522938, 114.386983 30.522996, 114.386732 30.523055, 114.386417 30.523132, 114.386121 30.523198, 114.385771 30.523274, 114.385303 30.523375, 114.384764 30.52353, 114.384127 30.523631, 114.38392 30.523694, 114.383219 30.523857, 114.377282 30.525249, 114.376871 30.525344, 114.376449 30.525476, 114.374697 30.526176, 114.374272 30.526369, 114.373006 30.527139, 114.372035 30.527823, 114.368658 30.530234, 114.36846 30.530339, 114.368146 30.530436, 114.367319 30.530744, 114.366187 30.531105, 114.365613 30.531323, 114.364427 30.531681, 114.361552 30.532524, 114.360798 30.53273, 114.360519 30.532839, 114.360155 30.532948, 114.359881 30.533034, 114.359971 30.533287, 114.360097 30.533609, 114.360223 30.533878, 114.360304 30.534107, 114.360447 30.534449, 114.360564 30.534725, 114.360694 30.535091, 114.361108 30.536047, 114.361426 30.53691, 114.361822 30.537976, 114.362374 30.539523, 114.362549 30.540087, 114.362599 30.540215, 114.360432 30.541231, 114.35965 30.541612, 114.359125 30.541857, 114.357761 30.542427, 114.357595 30.542486, 114.357425 30.542532, 114.357231 30.542587, 114.35707 30.542645, 114.356935 30.54268, 114.356728 30.542711, 114.356594 30.542742, 114.356427 30.542785, 114.356248 30.542824, 114.356091 30.542847, 114.355857 30.542886, 114.35552 30.542964, 114.355282 30.543003, 114.355134 30.54303, 114.354752 30.5431, 114.354249 30.543224, 114.353638 30.543372, 114.352911 30.5435, 114.35239 30.543567, 114.35212 30.543594, 114.351563 30.543633, 114.350808 30.543703, 114.350395 30.543726, 114.349946 30.543897, 114.349713 30.544099, 114.349371 30.544434, 114.34916 30.544663, 114.348882 30.544997, 114.348527 30.545433, 114.34792 30.546132, 114.347736 30.546374, 114.347359 30.546848, 114.347772 30.547112, 114.348545 30.547567, 114.348859 30.547835, 114.349147 30.548174, 114.349501 30.549005, 114.34978 30.549608, 114.350036 30.55018, 114.350126 30.550374, 114.350153 30.55077, 114.350184 30.551, 114.350121 30.551459, 114.350081 30.551875, 114.35004 30.55266, 114.350018 30.553041, 114.350067 30.5532, 114.350346 30.554145, 114.350445 30.554444, 114.350683 30.555194, 114.351042 30.555676, 114.351689 30.556524, 114.352587 30.55776, 114.352866 30.558075, 114.353126 30.558549, 114.353342 30.558833, 114.353813 30.559595, 114.35398 30.55975, 114.354096 30.559863, 114.35455 30.559525, 114.355048 30.559175, 114.355592 30.55895, 114.35614 30.558872, 114.356787 30.558751, 114.357366 30.558705, 114.358579 30.55858, 114.359643 30.558347, 114.361049 30.55825, 114.361799 30.558048, 114.362513 30.557888, 114.363196 30.557803, 114.363627 30.55783, 114.364063 30.55823, 114.364067 30.55823, 114.364243 30.558429, 114.364539 30.558872, 114.365029 30.559537, 114.365424 30.560174, 114.366048 30.561344, 114.366601 30.562429, 114.366646 30.562537, 114.366601 30.56293, 114.36687 30.563797, 114.367238 30.564908, 114.36749 30.565756, 114.367948 30.566673, 114.369403 30.568531, 114.369951 30.569254, 114.370706 30.570117, 114.372071 30.571812, 114.374578 30.574758, 114.376132 30.576623, 114.377021 30.577758, 114.378445 30.579569, 114.378813 30.580346, 114.3788 30.580374, 114.378678 30.580409, 114.378602 30.580498, 114.378562 30.580548, 114.378342 30.580661, 114.378032 30.580758, 114.377762 30.580855, 114.377358 30.58096, 114.376689 30.581085, 114.376482 30.581003, 114.375274 30.581225, 114.374699 30.581349, 114.374084 30.581454, 114.372853 30.581687, 114.372035 30.581819, 114.371955 30.581862, 114.370019 30.582266, 114.369287 30.582406, 114.368505 30.582464, 114.368038 30.582464, 114.367247 30.582682, 114.36696 30.583102, 114.366313 30.583926, 114.365235 30.584718, 114.364606 30.585262, 114.360798 30.588216, 114.35945 30.589133, 114.355731 30.592009, 114.353432 30.593687, 114.35 30.596236, 114.352803 30.599578, 114.355426 30.602469, 114.356701 30.603821, 114.359845 30.606898, 114.360564 30.607629, 114.362873 30.609291, 114.367418 30.612477, 114.372143 30.615679, 114.375844 30.618072, 114.376796 30.616327, 114.377129 30.615768, 114.377668 30.614898, 114.37805 30.614303, 114.378584 30.613429, 114.379159 30.612559, 114.379514 30.612003, 114.37955 30.611782, 114.379882 30.61125, 114.380282 30.610558)'), null, null);
INSERT INTO `roadline` VALUES ('4', '340路', '47', '60', '06:00:00', '08:45:00', GeomFromText('LINESTRING(114.360614 30.546122, 114.360546 30.546101, 114.360569 30.545969, 114.360569 30.545845, 114.360591 30.545732, 114.360663 30.54558, 114.360753 30.545421, 114.360829 30.545289, 114.360964 30.545118, 114.361054 30.544958, 114.361135 30.544787, 114.361341 30.5445, 114.361521 30.54422, 114.361705 30.543909, 114.361907 30.54364, 114.362118 30.543329, 114.36223 30.543088, 114.362365 30.54289, 114.362491 30.542653, 114.362608 30.542505, 114.362823 30.54214, 114.362918 30.541926, 114.362963 30.541673, 114.363007 30.541432, 114.363025 30.541168, 114.362985 30.540989, 114.36294 30.540771, 114.362841 30.540631, 114.362751 30.540386, 114.362635 30.540064, 114.363034 30.539908, 114.363515 30.539698, 114.363713 30.539597, 114.364099 30.539391, 114.364364 30.539243, 114.364615 30.539103, 114.364925 30.538932, 114.365285 30.538765, 114.365734 30.538578, 114.366066 30.538392, 114.366399 30.538271, 114.366753 30.538112, 114.367095 30.537987, 114.367427 30.537906, 114.367692 30.537789, 114.36802 30.537692, 114.368393 30.537567, 114.3689 30.537369, 114.369597 30.537171, 114.370014 30.537015, 114.370679 30.536778, 114.371357 30.536541, 114.371878 30.536401, 114.372637 30.536242, 114.37407 30.53595, 114.374587 30.535833, 114.375139 30.535728, 114.375822 30.535588, 114.376549 30.535425, 114.377223 30.535289, 114.377771 30.535153, 114.378638 30.535036, 114.379105 30.534927, 114.379406 30.534904, 114.37999 30.53483, 114.380632 30.53476, 114.381252 30.534694, 114.381728 30.534644, 114.38246 30.53462, 114.383246 30.534624, 114.383889 30.534616, 114.384396 30.534609, 114.384567 30.534663, 114.385106 30.534647, 114.385546 30.534616, 114.386058 30.534628, 114.386422 30.534647, 114.386979 30.534651, 114.387432 30.534663, 114.387805 30.534679, 114.388317 30.53469, 114.389157 30.534768, 114.389445 30.534838, 114.389835 30.534947, 114.390302 30.535098, 114.390747 30.535297, 114.391331 30.535526, 114.391789 30.535724, 114.392229 30.535884, 114.392845 30.536125, 114.393411 30.536331, 114.393918 30.536518, 114.394772 30.536782, 114.395153 30.536891, 114.396007 30.537019, 114.396654 30.537031, 114.397588 30.537066, 114.398459 30.537019, 114.399259 30.536965, 114.400157 30.536949, 114.400974 30.536887, 114.401424 30.536864, 114.402978 30.536801, 114.40393 30.536755, 114.405592 30.5367, 114.406741 30.536669, 114.407721 30.536615, 114.408763 30.536514, 114.409481 30.536397, 114.409966 30.536226, 114.410389 30.536086, 114.410775 30.535892, 114.411224 30.535635, 114.411556 30.535324, 114.412015 30.534888, 114.412545 30.534414, 114.412949 30.534049, 114.413353 30.533629, 114.413663 30.533364, 114.413964 30.533092, 114.414247 30.532797, 114.41457 30.532521, 114.414808 30.532256, 114.415159 30.531961, 114.415401 30.531778, 114.415801 30.531537, 114.415558 30.531416, 114.415195 30.531272, 114.414754 30.531152, 114.414233 30.531082, 114.41373 30.530985, 114.413353 30.530919, 114.412931 30.530786, 114.412589 30.530635, 114.412271 30.530421, 114.411929 30.530215, 114.411458 30.529974, 114.411229 30.529873, 114.410905 30.529713, 114.410564 30.529577, 114.410425 30.529507, 114.410034 30.529313, 114.409661 30.529165, 114.409369 30.529017, 114.409185 30.528908, 114.408996 30.528749, 114.408826 30.528589, 114.408695 30.528446, 114.408561 30.528298, 114.408471 30.528138, 114.408385 30.527928, 114.408331 30.527629, 114.408278 30.527427, 114.408269 30.527217, 114.408215 30.526937, 114.408192 30.526676, 114.408143 30.52647, 114.408111 30.526159, 114.408062 30.525961, 114.408035 30.525642, 114.407941 30.525257, 114.407909 30.525097, 114.407851 30.524744, 114.407775 30.524328, 114.407698 30.523923, 114.407635 30.523624, 114.407554 30.523208, 114.407514 30.523029, 114.40742 30.522632, 114.407402 30.522399, 114.407325 30.522103, 114.407271 30.521812, 114.407204 30.521493, 114.407168 30.521205, 114.407087 30.520937, 114.407042 30.520695, 114.406966 30.520338, 114.406894 30.519984, 114.406831 30.519649, 114.406768 30.519338, 114.406732 30.519198, 114.406679 30.518856, 114.406647 30.518673, 114.406584 30.518366, 114.406553 30.518226, 114.406512 30.517946, 114.406508 30.517958, 114.406454 30.517791, 114.406436 30.517588, 114.406364 30.517301, 114.406279 30.516935, 114.406243 30.516659, 114.406238 30.516398, 114.406189 30.51613, 114.406171 30.515636, 114.406189 30.515224, 114.406072 30.514462, 114.406036 30.514127, 114.405937 30.51338, 114.406 30.512727, 114.406378 30.512478, 114.406602 30.512229, 114.407213 30.512128, 114.408129 30.512291, 114.409028 30.512424, 114.41042 30.512603, 114.411606 30.512758, 114.412872 30.512937, 114.414292 30.513116, 114.415549 30.513295, 114.416672 30.513466, 114.417795 30.51345, 114.418981 30.513349, 114.421137 30.513132, 114.422691 30.512984, 114.424083 30.512883, 114.425197 30.512789, 114.425826 30.512712, 114.42729 30.512579, 114.42853 30.512463, 114.430533 30.512245, 114.431764 30.512167, 114.432563 30.512128, 114.433587 30.511848, 114.434459 30.511786, 114.435644 30.5117, 114.436381 30.511623, 114.437234 30.511599, 114.438699 30.511475, 114.438681 30.511451, 114.439507 30.511397, 114.442948 30.511117, 114.444484 30.51121, 114.44673 30.512027, 114.447718 30.512486, 114.450242 30.513863, 114.45185 30.514726, 114.453125 30.515309, 114.453889 30.514135, 114.455021 30.512299, 114.456099 30.510596, 114.456943 30.509351, 114.458102 30.507516, 114.459162 30.505859)'), null, null);
INSERT INTO `roadline` VALUES ('5', '401路', '82', '91', '06:30:00', '09:30:00', GeomFromText('LINESTRING(114.411746 30.558028, 114.411621 30.557852, 114.411464 30.557708, 114.411239 30.557432, 114.411122 30.557276, 114.410968 30.556975, 114.410932 30.556539, 114.410833 30.556205, 114.41077 30.555832, 114.410797 30.555404, 114.41077 30.554611, 114.410752 30.554028, 114.410716 30.553383, 114.410734 30.552574, 114.410806 30.551781, 114.410901 30.551501, 114.411071 30.551116, 114.411278 30.550887, 114.41175 30.550697, 114.412495 30.550572, 114.413115 30.550386, 114.413658 30.550203, 114.414341 30.550051, 114.414885 30.549853, 114.415469 30.549542, 114.415828 30.549332, 114.41678 30.548866, 114.417409 30.548453, 114.417741 30.548438, 114.418343 30.54836, 114.420122 30.548205, 114.420742 30.548197, 114.421397 30.54829, 114.423284 30.548446, 114.423472 30.548457, 114.425462 30.548485, 114.425678 30.548403, 114.426001 30.548244, 114.426199 30.548201, 114.426378 30.548181, 114.426414 30.548146, 114.426414 30.547983, 114.426387 30.547672, 114.426351 30.547349, 114.426271 30.546529, 114.426185 30.546109, 114.426167 30.545934, 114.426131 30.545615, 114.426221 30.545289, 114.42632 30.544923, 114.426338 30.54471, 114.426316 30.544504, 114.426194 30.544294, 114.425925 30.543742, 114.425777 30.543516, 114.425556 30.543341, 114.42513 30.543061, 114.424744 30.542847, 114.424384 30.542598, 114.424267 30.542482, 114.423975 30.542167, 114.423805 30.541926, 114.423562 30.54156, 114.423086 30.540728, 114.422745 30.540137, 114.422224 30.539193, 114.421451 30.537859, 114.421227 30.537462, 114.420607 30.536661, 114.418388 30.533893, 114.417364 30.532789, 114.41709 30.532489, 114.416767 30.532182, 114.416466 30.531933, 114.41612 30.531685, 114.415585 30.53144, 114.414952 30.531214, 114.413986 30.531035, 114.412985 30.530814, 114.412504 30.530592, 114.412194 30.530397, 114.411615 30.530079, 114.411134 30.529838, 114.410537 30.529577, 114.409863 30.529274, 114.409396 30.529017, 114.408906 30.528687, 114.408632 30.528376, 114.408516 30.528204, 114.408305 30.527543, 114.408192 30.526847, 114.408022 30.525568, 114.40786 30.524759, 114.407698 30.524075, 114.407541 30.523153, 114.407406 30.522566, 114.407218 30.521563, 114.407056 30.520777, 114.406548 30.518164, 114.406252 30.516764, 114.406144 30.515799, 114.406081 30.515628, 114.406032 30.515092, 114.405897 30.514263, 114.405807 30.513209, 114.405771 30.512976, 114.405677 30.51284, 114.405556 30.512758, 114.405372 30.512653, 114.405169 30.51256, 114.404967 30.512455, 114.404819 30.512428, 114.4045 30.512513, 114.403561 30.51298, 114.402227 30.513657, 114.401859 30.513832, 114.400894 30.514582, 114.400139 30.515271, 114.399411 30.515912, 114.398082 30.517133, 114.397022 30.518113, 114.396523 30.518553, 114.395553 30.519362, 114.394493 30.520248, 114.393092 30.521384)'), null, null);
INSERT INTO `roadline` VALUES ('6', '402路', '84', '85', '07:30:00', '09:30:00', GeomFromText('LINESTRING(114.4263 30.548191, 114.426293 30.548205, 114.426033 30.548216, 114.425875 30.548306, 114.425498 30.548488, 114.4253 30.548504, 114.424928 30.548488, 114.424214 30.548469, 114.423445 30.54845, 114.423019 30.548477, 114.422556 30.548473, 114.422152 30.548422, 114.421159 30.548298, 114.420216 30.548162, 114.419776 30.548181, 114.418931 30.54824, 114.418024 30.548434, 114.417669 30.548485, 114.417499 30.548461, 114.417364 30.548582, 114.417184 30.548745, 114.416901 30.548885, 114.416511 30.549095, 114.415603 30.549561, 114.415446 30.54962, 114.414948 30.549857, 114.414606 30.550024, 114.414224 30.550148, 114.413551 30.550316, 114.412814 30.55051, 114.41179 30.550794, 114.411386 30.550922, 114.411282 30.550914, 114.411215 30.550899, 114.41099 30.55091, 114.410842 30.550887, 114.410734 30.55084, 114.410474 30.550611, 114.410272 30.550448)'), null, null);
INSERT INTO `roadline` VALUES ('7', '413路', '85', '98', '06:30:00', '21:30:00', GeomFromText('LINESTRING(114.410545 30.550638, 114.410537 30.550708, 114.410267 30.550459, 114.4098 30.550211, 114.409306 30.549939, 114.40883 30.549767, 114.408588 30.549558, 114.408129 30.549488, 114.407528 30.549418, 114.40706 30.549208, 114.406827 30.549029, 114.40653 30.54892, 114.406 30.548726, 114.405372 30.548733, 114.404895 30.548578, 114.404356 30.54829, 114.403979 30.548158, 114.403494 30.548041, 114.403189 30.547898, 114.402982 30.547758, 114.402645 30.547575, 114.402165 30.547283, 114.401922 30.547143, 114.401751 30.546929, 114.401612 30.546642, 114.401464 30.546191, 114.401325 30.545697, 114.401365 30.545246, 114.401415 30.544869, 114.401482 30.544266, 114.401536 30.543489, 114.401576 30.543477, 114.401617 30.542921, 114.401293 30.542777, 114.401051 30.54268, 114.40066 30.542536, 114.400247 30.542365, 114.39982 30.542163, 114.399321 30.541926, 114.398697 30.54165, 114.398464 30.541611, 114.398244 30.541506, 114.397925 30.541308, 114.397597 30.541094, 114.39735 30.540993, 114.396981 30.540934, 114.396654 30.540899, 114.39624 30.540884, 114.395522 30.540888, 114.395234 30.540919, 114.394713 30.540872, 114.394219 30.540888, 114.39373 30.540884, 114.393038 30.541074, 114.392638 30.541175, 114.392063 30.541187, 114.39161 30.541214, 114.39046 30.541238, 114.389907 30.541183, 114.389723 30.541109, 114.389588 30.541012, 114.389386 30.540756, 114.389063 30.540301, 114.388704 30.54032, 114.388209 30.540359, 114.384863 30.540639, 114.384437 30.540674, 114.383911 30.540736, 114.383844 30.540744, 114.383767 30.539613, 114.383619 30.538874, 114.383224 30.537929, 114.382739 30.536728, 114.381921 30.5349, 114.380224 30.535048, 114.378867 30.53518, 114.378427 30.535126, 114.377322 30.535328, 114.37575 30.535802, 114.373702 30.535973, 114.372462 30.536393, 114.37063 30.536798, 114.368402 30.537606, 114.365024 30.539006, 114.362608 30.540165, 114.362711 30.540452, 114.362855 30.540876, 114.36299 30.541382, 114.362868 30.541899, 114.362666 30.542299, 114.361956 30.543372, 114.361615 30.544018, 114.360861 30.545262, 114.360649 30.545615, 114.360551 30.546136, 114.360465 30.546136, 114.360474 30.54588, 114.360613 30.545503, 114.36078 30.545242, 114.360995 30.544885, 114.36122 30.54455, 114.361422 30.544138, 114.361575 30.543796, 114.361804 30.543489, 114.36206 30.543104, 114.362356 30.542665, 114.36263 30.542151, 114.362819 30.541794, 114.362877 30.541385, 114.362823 30.54109, 114.362729 30.540709, 114.362531 30.540184, 114.362437 30.539904, 114.362289 30.539457, 114.3621 30.538979, 114.361997 30.538664, 114.361781 30.538092, 114.361494 30.537385, 114.361215 30.536514, 114.360784 30.535495, 114.36047 30.534663, 114.359814 30.533053, 114.357793 30.53359, 114.356266 30.534056, 114.355992 30.534084, 114.355538 30.53422, 114.35481 30.534402, 114.353557 30.534756, 114.351963 30.535203, 114.350764 30.535565, 114.350005 30.535806, 114.348666 30.53623, 114.346582 30.536914, 114.34536 30.537326, 114.343797 30.537855, 114.341282 30.538734, 114.340581 30.539006)'), null, null);

-- ----------------------------
-- Table structure for roadsection
-- ----------------------------
DROP TABLE IF EXISTS `roadsection`;
CREATE TABLE `roadsection` (
  `id` bigint(20) NOT NULL AUTO_INCREMENT,
  `name` varchar(128) NOT NULL COMMENT '公交线路段名称',
  `startid` bigint(20) NOT NULL COMMENT '公交线路段起点',
  `endid` bigint(20) NOT NULL COMMENT '公交线路段终点',
  `elapsedtime` double NOT NULL COMMENT '经过时间单位分钟',
  `distance` double DEFAULT NULL COMMENT '距离米',
  PRIMARY KEY (`id`),
  KEY `startid` (`startid`),
  KEY `endid` (`endid`),
  CONSTRAINT `roadsection_ibfk_1` FOREIGN KEY (`startid`) REFERENCES `roadstation` (`id`),
  CONSTRAINT `roadsection_ibfk_2` FOREIGN KEY (`endid`) REFERENCES `roadstation` (`id`)
) ENGINE=InnoDB AUTO_INCREMENT=101 DEFAULT CHARSET=utf8;

-- ----------------------------
-- Records of roadsection
-- ----------------------------
INSERT INTO `roadsection` VALUES ('3', '麒麟路桃花岛-麒麟路汉桥村', '10', '13', '5', '500');
INSERT INTO `roadsection` VALUES ('4', '麒麟路汉桥村-麒麟路', '13', '14', '5', '500');
INSERT INTO `roadsection` VALUES ('5', '麒麟路-汉阳大道七里庙', '14', '15', '5', '500');
INSERT INTO `roadsection` VALUES ('6', '汉阳大道七里庙-汉阳大道五里新村', '15', '16', '5', '1700');
INSERT INTO `roadsection` VALUES ('7', '汉阳大道五里新村-汉阳大道汉阳火车站', '16', '17', '5', '787');
INSERT INTO `roadsection` VALUES ('8', '汉阳大道汉阳火车站-汉阳大道钟家村', '17', '18', '5', '763');
INSERT INTO `roadsection` VALUES ('9', '汉阳大道钟家村-鹦鹉大道古琴台', '18', '19', '5', '1100');
INSERT INTO `roadsection` VALUES ('10', '鹦鹉大道古琴台-中山大道新华书店', '19', '20', '5', '500');
INSERT INTO `roadsection` VALUES ('11', '中山大道新华书店-崇仁路沿河大道口', '20', '21', '5', '500');
INSERT INTO `roadsection` VALUES ('12', '崇仁路沿河大道口-沿河大道汉江桥', '21', '22', '5', '500');
INSERT INTO `roadsection` VALUES ('13', '沿河大道汉江桥-沿河大道利济南路', '22', '23', '5', '500');
INSERT INTO `roadsection` VALUES ('14', '沿河大道利济南路-沿河大道永宁巷', '23', '24', '5', '500');
INSERT INTO `roadsection` VALUES ('15', '沿河大道永宁巷-沿河大道集家嘴', '24', '25', '5', '500');
INSERT INTO `roadsection` VALUES ('16', '沿河大道集家嘴-沿河大道龙王庙', '25', '26', '5', '500');
INSERT INTO `roadsection` VALUES ('17', '沿河大道龙王庙-沿江大道王家巷', '26', '27', '5', '500');
INSERT INTO `roadsection` VALUES ('18', '沿江大道王家巷-沿江大道武汉港', '27', '28', '5', '500');
INSERT INTO `roadsection` VALUES ('19', '沿江大道武汉港-沿江大道兰陵路', '28', '29', '5', '500');
INSERT INTO `roadsection` VALUES ('20', '沿江大道兰陵路-沿江大道粤汉码头', '29', '30', '5', '500');
INSERT INTO `roadsection` VALUES ('21', '沿江大道粤汉码头-沿江大道粤汉码头', '30', '30', '5', '500');
INSERT INTO `roadsection` VALUES ('22', '沿江大道粤汉码头-胜利街三阳路', '30', '31', '5', '500');
INSERT INTO `roadsection` VALUES ('23', '鲁磨路南望山-鲁磨路地质大学', '32', '33', '5', '500');
INSERT INTO `roadsection` VALUES ('24', '鲁磨路地质大学-鲁磨路中航181', '33', '34', '5', '500');
INSERT INTO `roadsection` VALUES ('25', '鲁磨路中航181-鲁磨路曹家湾', '34', '35', '5', '500');
INSERT INTO `roadsection` VALUES ('26', '鲁磨路曹家湾-鲁磨路光谷广场', '35', '36', '5', '500');
INSERT INTO `roadsection` VALUES ('27', '鲁磨路光谷广场-珞喻路鲁巷', '36', '37', '5', '500');
INSERT INTO `roadsection` VALUES ('28', '珞喻路鲁巷-珞喻路吴家湾', '37', '38', '5', '500');
INSERT INTO `roadsection` VALUES ('29', '珞喻路吴家湾-珞喻路科技会展中心', '38', '39', '5', '500');
INSERT INTO `roadsection` VALUES ('30', '珞喻路科技会展中心-珞喻路马家庄', '39', '40', '5', '500');
INSERT INTO `roadsection` VALUES ('31', '珞喻路马家庄-珞喻路卓刀泉中学', '40', '41', '5', '500');
INSERT INTO `roadsection` VALUES ('32', '珞喻路卓刀泉中学-珞喻路地铁广埠屯站', '41', '42', '5', '500');
INSERT INTO `roadsection` VALUES ('33', '珞喻路地铁广埠屯站-珞狮路北段', '42', '43', '5', '500');
INSERT INTO `roadsection` VALUES ('34', '珞狮路北段-八一路省邮电干校', '43', '44', '5', '500');
INSERT INTO `roadsection` VALUES ('35', '八一路省邮电干校-八一路小洪山', '44', '45', '5', '500');
INSERT INTO `roadsection` VALUES ('36', '八一路小洪山-八一路东一路口', '45', '46', '5', '500');
INSERT INTO `roadsection` VALUES ('37', '珞狮路茶港-八一路珞珈山', '47', '48', '500', '500');
INSERT INTO `roadsection` VALUES ('38', '八一路珞珈山-八一路东湖新村', '48', '49', '5', '500');
INSERT INTO `roadsection` VALUES ('39', '八一路东湖新村-八一路沙湾村', '49', '50', '5', '500');
INSERT INTO `roadsection` VALUES ('40', '八一路沙湾村-八一路鲁磨路', '50', '51', '5', '500');
INSERT INTO `roadsection` VALUES ('41', '八一路鲁磨路-鲁磨路南望山', '51', '32', '5', '500');
INSERT INTO `roadsection` VALUES ('42', '鲁磨路南望山-鲁磨路地质大学', '32', '33', '5', '500');
INSERT INTO `roadsection` VALUES ('43', '鲁磨路地质大学-鲁磨路中航181', '33', '34', '5', '500');
INSERT INTO `roadsection` VALUES ('44', '鲁磨路中航181-鲁磨路曹家湾', '34', '35', '5', '500');
INSERT INTO `roadsection` VALUES ('45', '鲁磨路曹家湾-鲁磨路光谷广场', '35', '36', '5', '500');
INSERT INTO `roadsection` VALUES ('46', '鲁磨路光谷广场-珞喻路湖北省中医院', '36', '52', '5', '500');
INSERT INTO `roadsection` VALUES ('47', '珞喻路湖北省中医院-珞喻路关山口', '52', '53', '5', '500');
INSERT INTO `roadsection` VALUES ('48', '珞喻路关山口-珞喻东路叶麻店', '53', '54', '5', '500');
INSERT INTO `roadsection` VALUES ('49', '珞喻东路叶麻店-珞喻东路大黄村', '54', '55', '5', '500');
INSERT INTO `roadsection` VALUES ('50', '珞喻东路大黄村-珞喻东路佳园路', '55', '56', '5', '500');
INSERT INTO `roadsection` VALUES ('51', '珞喻东路佳园路-珞喻东路森林公园', '56', '57', '5', '500');
INSERT INTO `roadsection` VALUES ('52', '珞喻东路森林公园-珞喻东路油篓口', '57', '58', '5', '500');
INSERT INTO `roadsection` VALUES ('53', '珞喻东路油篓口-关东园五路创业街', '58', '59', '5', '500');
INSERT INTO `roadsection` VALUES ('54', '关东园五路创业街-关东园五路荷叶山社区', '59', '60', '5', '500');
INSERT INTO `roadsection` VALUES ('55', '八一路东一路口-东一路八一路口', '46', '61', '5', '500');
INSERT INTO `roadsection` VALUES ('56', '东一路八一路口-东一路洪山路口', '61', '62', '5', '500');
INSERT INTO `roadsection` VALUES ('57', '东一路洪山路口-水果湖横路水果湖', '62', '63', '5', '500');
INSERT INTO `roadsection` VALUES ('58', '水果湖横路水果湖-东湖路楚河汉街', '63', '64', '5', '500');
INSERT INTO `roadsection` VALUES ('59', '东湖路楚河汉街-东湖路中南医院', '64', '65', '5', '500');
INSERT INTO `roadsection` VALUES ('60', '东湖路中南医院-东湖路蔡家嘴', '65', '66', '5', '500');
INSERT INTO `roadsection` VALUES ('61', '东湖路蔡家嘴-东湖路省博物馆', '66', '67', '5', '500');
INSERT INTO `roadsection` VALUES ('62', '东湖路省博物馆-东湖路湖北日报', '67', '68', '5', '500');
INSERT INTO `roadsection` VALUES ('63', '东湖路湖北日报-东湖路梨园', '68', '69', '5', '500');
INSERT INTO `roadsection` VALUES ('64', '东湖路梨园-徐东大街东湖中学', '69', '70', '5', '500');
INSERT INTO `roadsection` VALUES ('65', '徐东大街东湖中学-徐东大街省电大厦', '70', '71', '5', '500');
INSERT INTO `roadsection` VALUES ('66', '徐东大街省电大厦-徐东大街汪家墩', '71', '72', '5', '500');
INSERT INTO `roadsection` VALUES ('67', '徐东大街汪家墩-徐东大街徐东村', '72', '73', '5', '500');
INSERT INTO `roadsection` VALUES ('68', '徐东大街徐东村-友谊大道才华街', '73', '74', '5', '500');
INSERT INTO `roadsection` VALUES ('69', '友谊大道才华街-友谊大道才茂街', '74', '75', '5', '500');
INSERT INTO `roadsection` VALUES ('70', '友谊大道才茂街-友谊大道铁机路', '75', '76', '5', '500');
INSERT INTO `roadsection` VALUES ('71', '友谊大道铁机路-友谊大道华城广场', '76', '77', '5', '500');
INSERT INTO `roadsection` VALUES ('72', '友谊大道华城广场-友谊大道柴林花园', '77', '78', '5', '500');
INSERT INTO `roadsection` VALUES ('73', '友谊大道柴林花园-园林路钢都花园', '78', '79', '5', '500');
INSERT INTO `roadsection` VALUES ('74', '园林路钢都花园-园林路瑞丰路', '79', '80', '5', '500');
INSERT INTO `roadsection` VALUES ('75', '园林路瑞丰路-武丰村', '80', '81', '5', '500');
INSERT INTO `roadsection` VALUES ('76', '东湖东路磨山-鲁磨路梅园', '82', '83', '5', '500');
INSERT INTO `roadsection` VALUES ('77', '武汉植物园-东湖东路梅园', '84', '85', '5', '100');
INSERT INTO `roadsection` VALUES ('78', '鲁磨路梅园-植物园路193医院', '83', '86', '5', '200');
INSERT INTO `roadsection` VALUES ('79', '植物园路193医院-植物园路植物园小区', '86', '87', '5', '200');
INSERT INTO `roadsection` VALUES ('80', '植物园路植物园小区-武汉植物园', '87', '84', '5', '200');
INSERT INTO `roadsection` VALUES ('81', '武汉植物园-植物园路小李村', '84', '88', '5', '200');
INSERT INTO `roadsection` VALUES ('82', '植物园路小李村-鲁磨路茅屋岭', '88', '89', '5', '200');
INSERT INTO `roadsection` VALUES ('83', '鲁磨路茅屋岭-鲁磨路毕阁山', '89', '90', '5', '200');
INSERT INTO `roadsection` VALUES ('84', '鲁磨路毕阁山-鲁磨路南望山', '90', '32', '5', '200');
INSERT INTO `roadsection` VALUES ('85', '鲁磨路南望山-鲁磨路地质大学', '32', '33', '5', '200');
INSERT INTO `roadsection` VALUES ('86', '鲁磨路地质大学-鲁磨路中航181', '33', '34', '5', '200');
INSERT INTO `roadsection` VALUES ('87', '鲁磨路中航181-鲁磨路曹家湾', '34', '35', '5', '200');
INSERT INTO `roadsection` VALUES ('88', '鲁磨路曹家湾-鲁磨路光谷广场', '35', '36', '5', '200');
INSERT INTO `roadsection` VALUES ('89', '鲁磨路光谷广场-珞喻路鲁巷', '36', '37', '5', '200');
INSERT INTO `roadsection` VALUES ('90', '珞喻路鲁巷-珞喻路邮科院', '37', '91', '5', '200');
INSERT INTO `roadsection` VALUES ('91', '东湖东路梅园-东湖东路东湖医院', '85', '92', '5', '200');
INSERT INTO `roadsection` VALUES ('92', '东湖东路东湖医院-东湖东路游泳池', '92', '93', '5', '200');
INSERT INTO `roadsection` VALUES ('93', '东湖东路游泳池-卓刀泉北路风光村', '93', '94', '5', '200');
INSERT INTO `roadsection` VALUES ('94', '卓刀泉北路风光村-八一路东湖村', '94', '95', '5', '200');
INSERT INTO `roadsection` VALUES ('95', '八一路东湖村-八一路珞珈山', '95', '48', '5', '200');
INSERT INTO `roadsection` VALUES ('96', '八一路珞珈山-珞狮路茶港', '48', '47', '500', '500');
INSERT INTO `roadsection` VALUES ('97', '珞狮路茶港-珞狮路八一路口', '47', '96', '5', '200');
INSERT INTO `roadsection` VALUES ('98', '珞狮路八一路口-珞狮路北段', '96', '43', '5', '200');
INSERT INTO `roadsection` VALUES ('99', '珞狮路北段-武珞路街道口', '43', '97', '5', '200');
INSERT INTO `roadsection` VALUES ('100', '武珞路街道口-武珞路丁字桥', '97', '98', '5', '200');

-- ----------------------------
-- Table structure for roadstation
-- ----------------------------
DROP TABLE IF EXISTS `roadstation`;
CREATE TABLE `roadstation` (
  `id` bigint(20) NOT NULL AUTO_INCREMENT,
  `name` varchar(128) NOT NULL COMMENT '站点名称',
  `demo` varchar(255) NOT NULL COMMENT '备注',
  `longitude` double NOT NULL COMMENT '经度',
  `latitude` double NOT NULL COMMENT '纬度',
  `staytime` double DEFAULT NULL COMMENT '停留时间单位分钟',
  PRIMARY KEY (`id`)
) ENGINE=InnoDB AUTO_INCREMENT=99 DEFAULT CHARSET=utf8;

-- ----------------------------
-- Records of roadstation
-- ----------------------------
INSERT INTO `roadstation` VALUES ('9', '未添加站点', '站点', '0', '0', '2');
INSERT INTO `roadstation` VALUES ('10', '麒麟路桃花岛', '', '114.231199', '30.554464', '2');
INSERT INTO `roadstation` VALUES ('13', '麒麟路汉桥村', '', '114.232277', '30.558569', '2');
INSERT INTO `roadstation` VALUES ('14', '麒麟路', '', '114.23375', '30.562953', '2');
INSERT INTO `roadstation` VALUES ('15', '汉阳大道七里庙', '', '114.237784', '30.562852', '2');
INSERT INTO `roadstation` VALUES ('16', '汉阳大道五里新村', '', '114.254851', '30.557807', '2');
INSERT INTO `roadstation` VALUES ('17', '汉阳大道汉阳火车站', '', '114.262487', '30.556578', '2');
INSERT INTO `roadstation` VALUES ('18', '汉阳大道钟家村', '', '114.270359', '30.55565', '2');
INSERT INTO `roadstation` VALUES ('19', '鹦鹉大道古琴台', '', '114.272782', '30.563266', '2');
INSERT INTO `roadstation` VALUES ('20', '中山大道新华书店', '', '114.273305', '30.575352', '2');
INSERT INTO `roadstation` VALUES ('21', '崇仁路沿河大道口', '', '114.268389', '30.571542', '2');
INSERT INTO `roadstation` VALUES ('22', '沿河大道汉江桥', '', '114.273442', '30.569478', '2');
INSERT INTO `roadstation` VALUES ('23', '沿河大道利济南路', '', '114.281328', '30.568179', '2');
INSERT INTO `roadstation` VALUES ('24', '沿河大道永宁巷', '', '114.286897', '30.567899', '2');
INSERT INTO `roadstation` VALUES ('25', '沿河大道集家嘴', '', '114.293148', '30.572526', '2');
INSERT INTO `roadstation` VALUES ('26', '沿河大道龙王庙', '', '114.298044', '30.571799', '2');
INSERT INTO `roadstation` VALUES ('27', '沿江大道王家巷', '', '114.30113', '30.575915', '2');
INSERT INTO `roadstation` VALUES ('28', '沿江大道武汉港', '', '114.306719', '30.586737', '2');
INSERT INTO `roadstation` VALUES ('29', '沿江大道兰陵路', '', '114.308325', '30.590168', '2');
INSERT INTO `roadstation` VALUES ('30', '沿江大道粤汉码头', '', '114.311387', '30.596386', '2');
INSERT INTO `roadstation` VALUES ('31', '胜利街三阳路', '', '114.312748', '30.6033', '2');
INSERT INTO `roadstation` VALUES ('32', '鲁磨路南望山', '', '114.411367', '30.529878', '2');
INSERT INTO `roadstation` VALUES ('33', '鲁磨路地质大学', '', '114.407985', '30.525224', '2');
INSERT INTO `roadstation` VALUES ('34', '鲁磨路中航181', '', '114.407361', '30.521794', '2');
INSERT INTO `roadstation` VALUES ('35', '鲁磨路曹家湾', '', '114.406678', '30.518299', '2');
INSERT INTO `roadstation` VALUES ('36', '鲁磨路光谷广场', '', '114.406233', '30.516147', '2');
INSERT INTO `roadstation` VALUES ('37', '珞喻路鲁巷', '', '114.402119', '30.513534', '2');
INSERT INTO `roadstation` VALUES ('38', '珞喻路吴家湾', '', '114.396795', '30.518158', '2');
INSERT INTO `roadstation` VALUES ('39', '珞喻路科技会展中心', '', '114.391277', '30.521854', '2');
INSERT INTO `roadstation` VALUES ('40', '珞喻路马家庄', '', '114.384618', '30.523601', '2');
INSERT INTO `roadstation` VALUES ('41', '珞喻路卓刀泉中学', '', '114.37832', '30.525075', '2');
INSERT INTO `roadstation` VALUES ('42', '珞喻路地铁广埠屯站', '', '114.370718', '30.53024', '2');
INSERT INTO `roadstation` VALUES ('43', '珞狮路北段', '', '114.360709', '30.535092', '2');
INSERT INTO `roadstation` VALUES ('44', '八一路省邮电干校', '', '114.359307', '30.541723', '2');
INSERT INTO `roadstation` VALUES ('45', '八一路小洪山', '', '114.353507', '30.543284', '2');
INSERT INTO `roadstation` VALUES ('46', '八一路东一路口', '', '114.347846', '30.546211', '2');
INSERT INTO `roadstation` VALUES ('47', '珞狮路茶港', '', '114.360614', '30.546122', '2');
INSERT INTO `roadstation` VALUES ('48', '八一路珞珈山', '', '114.364925', '30.538926', '2');
INSERT INTO `roadstation` VALUES ('49', '八一路东湖新村', '', '114.374691', '30.536003', '2');
INSERT INTO `roadstation` VALUES ('50', '八一路沙湾村', '', '114.401385', '30.537067', '2');
INSERT INTO `roadstation` VALUES ('51', '八一路鲁磨路', '', '114.414881', '30.532277', '2');
INSERT INTO `roadstation` VALUES ('52', '珞喻路湖北省中医院', '', '114.414276', '30.513164', '2');
INSERT INTO `roadstation` VALUES ('53', '珞喻路关山口', '', '114.41863', '30.513339', '2');
INSERT INTO `roadstation` VALUES ('54', '珞喻东路叶麻店', '', '114.425035', '30.512696', '2');
INSERT INTO `roadstation` VALUES ('55', '珞喻东路大黄村', '', '114.43251', '30.51198', '2');
INSERT INTO `roadstation` VALUES ('56', '珞喻东路佳园路', '', '114.438975', '30.511416', '2');
INSERT INTO `roadstation` VALUES ('57', '珞喻东路森林公园', '', '114.44443', '30.511297', '2');
INSERT INTO `roadstation` VALUES ('58', '珞喻东路油篓口', '', '114.450248', '30.513899', '2');
INSERT INTO `roadstation` VALUES ('59', '关东园五路创业街', '', '114.455086', '30.512309', '2');
INSERT INTO `roadstation` VALUES ('60', '关东园五路荷叶山社区', '', '114.459282', '30.505815', '2');
INSERT INTO `roadstation` VALUES ('61', '东一路八一路口', '', '114.348511', '30.547588', '2');
INSERT INTO `roadstation` VALUES ('62', '东一路洪山路口', '', '114.350155', '30.550597', '2');
INSERT INTO `roadstation` VALUES ('63', '水果湖横路水果湖', '', '114.350367', '30.554244', '2');
INSERT INTO `roadstation` VALUES ('64', '东湖路楚河汉街', '', '114.354559', '30.559511', '2');
INSERT INTO `roadstation` VALUES ('65', '东湖路中南医院', '', '114.359435', '30.55838', '2');
INSERT INTO `roadstation` VALUES ('66', '东湖路蔡家嘴', '', '114.366587', '30.562943', '2');
INSERT INTO `roadstation` VALUES ('67', '东湖路省博物馆', '', '114.36991', '30.569263', '2');
INSERT INTO `roadstation` VALUES ('68', '东湖路湖北日报', '', '114.374626', '30.574821', '2');
INSERT INTO `roadstation` VALUES ('69', '东湖路梨园', '', '114.378504', '30.579598', '2');
INSERT INTO `roadstation` VALUES ('70', '徐东大街东湖中学', '', '114.37481', '30.581307', '2');
INSERT INTO `roadstation` VALUES ('71', '徐东大街省电大厦', '', '114.369945', '30.582257', '2');
INSERT INTO `roadstation` VALUES ('72', '徐东大街汪家墩', '', '114.360698', '30.588302', '2');
INSERT INTO `roadstation` VALUES ('73', '徐东大街徐东村', '', '114.355519', '30.592083', '2');
INSERT INTO `roadstation` VALUES ('74', '友谊大道才华街', '', '114.351966', '30.598553', '2');
INSERT INTO `roadstation` VALUES ('75', '友谊大道才茂街', '', '114.356228', '30.603313', '2');
INSERT INTO `roadstation` VALUES ('76', '友谊大道铁机路', '', '114.36087', '30.608007', '2');
INSERT INTO `roadstation` VALUES ('77', '友谊大道华城广场', '', '114.36673', '30.612004', '2');
INSERT INTO `roadstation` VALUES ('78', '友谊大道柴林花园', '', '114.372362', '30.615834', '2');
INSERT INTO `roadstation` VALUES ('79', '园林路钢都花园', '', '114.376765', '30.616488', '2');
INSERT INTO `roadstation` VALUES ('80', '园林路瑞丰路', '', '114.37916', '30.612542', '2');
INSERT INTO `roadstation` VALUES ('81', '武丰村', '', '114.38035', '30.610576', '2');
INSERT INTO `roadstation` VALUES ('82', '东湖东路磨山', '', '114.411782', '30.557995', '5');
INSERT INTO `roadstation` VALUES ('83', '鲁磨路梅园', '', '114.415484', '30.549536', '5');
INSERT INTO `roadstation` VALUES ('84', '武汉植物园', '', '114.4263', '30.548191', '2');
INSERT INTO `roadstation` VALUES ('85', '东湖东路梅园', '', '114.410545', '30.550638', '2');
INSERT INTO `roadstation` VALUES ('86', '植物园路193医院', '', '114.4214', '30.548323', '2');
INSERT INTO `roadstation` VALUES ('87', '植物园路植物园小区', '', '114.423464', '30.548468', '2');
INSERT INTO `roadstation` VALUES ('88', '植物园路小李村', '', '114.422806', '30.540205', '2');
INSERT INTO `roadstation` VALUES ('89', '鲁磨路茅屋岭', '', '114.420845', '30.536955', '2');
INSERT INTO `roadstation` VALUES ('90', '鲁磨路毕阁山', '', '114.41747', '30.532918', '2');
INSERT INTO `roadstation` VALUES ('91', '珞喻路邮科院', '', '114.400063', '30.515311', '2');
INSERT INTO `roadstation` VALUES ('92', '东湖东路东湖医院', '', '114.4013', '30.542783', '2');
INSERT INTO `roadstation` VALUES ('93', '东湖东路游泳池', '', '114.398599', '30.541622', '2');
INSERT INTO `roadstation` VALUES ('94', '卓刀泉北路风光村', '', '114.384796', '30.540636', '2');
INSERT INTO `roadstation` VALUES ('95', '八一路东湖村', '', '114.380213', '30.535045', '2');
INSERT INTO `roadstation` VALUES ('96', '珞狮路八一路口', '', '114.3629', '30.541193', '2');
INSERT INTO `roadstation` VALUES ('97', '武珞路街道口', '', '114.355535', '30.534256', '2');
INSERT INTO `roadstation` VALUES ('98', '武珞路丁字桥', '', '114.341044', '30.538911', '2');

-- ----------------------------
-- Table structure for stationtoline
-- ----------------------------
DROP TABLE IF EXISTS `stationtoline`;
CREATE TABLE `stationtoline` (
  `id` bigint(20) NOT NULL AUTO_INCREMENT,
  `stationid` bigint(20) NOT NULL COMMENT '站点id',
  `lineid` bigint(20) NOT NULL COMMENT '线路id',
  `name` varchar(128) NOT NULL COMMENT '线路名称',
  PRIMARY KEY (`id`),
  KEY `lineid` (`lineid`),
  KEY `stationid` (`stationid`),
  CONSTRAINT `stationtoline_ibfk_1` FOREIGN KEY (`lineid`) REFERENCES `roadline` (`id`),
  CONSTRAINT `stationtoline_ibfk_2` FOREIGN KEY (`stationid`) REFERENCES `roadstation` (`id`)
) ENGINE=InnoDB AUTO_INCREMENT=105 DEFAULT CHARSET=utf8;

-- ----------------------------
-- Records of stationtoline
-- ----------------------------
INSERT INTO `stationtoline` VALUES ('1', '10', '2', '麒麟路桃花岛');
INSERT INTO `stationtoline` VALUES ('2', '13', '2', '麒麟路汉桥村');
INSERT INTO `stationtoline` VALUES ('3', '14', '2', '麒麟路');
INSERT INTO `stationtoline` VALUES ('4', '15', '2', '汉阳大道七里庙');
INSERT INTO `stationtoline` VALUES ('5', '16', '2', '汉阳大道五里新村');
INSERT INTO `stationtoline` VALUES ('6', '17', '2', '汉阳大道汉阳火车站');
INSERT INTO `stationtoline` VALUES ('7', '18', '2', '汉阳大道钟家村');
INSERT INTO `stationtoline` VALUES ('8', '19', '2', '鹦鹉大道古琴台');
INSERT INTO `stationtoline` VALUES ('9', '20', '2', '中山大道新华书店');
INSERT INTO `stationtoline` VALUES ('10', '21', '2', '崇仁路沿河大道口');
INSERT INTO `stationtoline` VALUES ('11', '22', '2', '沿河大道汉江桥');
INSERT INTO `stationtoline` VALUES ('12', '23', '2', '沿河大道利济南路');
INSERT INTO `stationtoline` VALUES ('13', '24', '2', '沿河大道永宁巷');
INSERT INTO `stationtoline` VALUES ('14', '25', '2', '沿河大道集家嘴');
INSERT INTO `stationtoline` VALUES ('15', '26', '2', '沿河大道龙王庙');
INSERT INTO `stationtoline` VALUES ('16', '27', '2', '沿江大道王家巷');
INSERT INTO `stationtoline` VALUES ('17', '28', '2', '沿江大道武汉港');
INSERT INTO `stationtoline` VALUES ('18', '29', '2', '沿江大道兰陵路');
INSERT INTO `stationtoline` VALUES ('19', '30', '2', '沿江大道粤汉码头');
INSERT INTO `stationtoline` VALUES ('20', '30', '2', '沿江大道粤汉码头');
INSERT INTO `stationtoline` VALUES ('21', '31', '2', '胜利街三阳路');
INSERT INTO `stationtoline` VALUES ('22', '32', '3', '鲁磨路南望山');
INSERT INTO `stationtoline` VALUES ('23', '33', '3', '鲁磨路地质大学');
INSERT INTO `stationtoline` VALUES ('24', '34', '3', '鲁磨路中航181');
INSERT INTO `stationtoline` VALUES ('25', '35', '3', '鲁磨路曹家湾');
INSERT INTO `stationtoline` VALUES ('26', '36', '3', '鲁磨路光谷广场');
INSERT INTO `stationtoline` VALUES ('27', '37', '3', '珞喻路鲁巷');
INSERT INTO `stationtoline` VALUES ('28', '38', '3', '珞喻路吴家湾');
INSERT INTO `stationtoline` VALUES ('29', '39', '3', '珞喻路科技会展中心');
INSERT INTO `stationtoline` VALUES ('30', '40', '3', '珞喻路马家庄');
INSERT INTO `stationtoline` VALUES ('31', '41', '3', '珞喻路卓刀泉中学');
INSERT INTO `stationtoline` VALUES ('32', '42', '3', '珞喻路地铁广埠屯站');
INSERT INTO `stationtoline` VALUES ('33', '43', '3', '珞狮路北段');
INSERT INTO `stationtoline` VALUES ('34', '44', '3', '八一路省邮电干校');
INSERT INTO `stationtoline` VALUES ('35', '45', '3', '八一路小洪山');
INSERT INTO `stationtoline` VALUES ('36', '46', '3', '八一路东一路口');
INSERT INTO `stationtoline` VALUES ('37', '47', '4', '珞狮路茶港');
INSERT INTO `stationtoline` VALUES ('38', '48', '4', '八一路珞珈山');
INSERT INTO `stationtoline` VALUES ('39', '49', '4', '八一路东湖新村');
INSERT INTO `stationtoline` VALUES ('40', '50', '4', '八一路沙湾村');
INSERT INTO `stationtoline` VALUES ('41', '51', '4', '八一路鲁磨路');
INSERT INTO `stationtoline` VALUES ('42', '32', '4', '鲁磨路南望山');
INSERT INTO `stationtoline` VALUES ('43', '33', '4', '鲁磨路地质大学');
INSERT INTO `stationtoline` VALUES ('44', '34', '4', '鲁磨路中航181');
INSERT INTO `stationtoline` VALUES ('45', '35', '4', '鲁磨路曹家湾');
INSERT INTO `stationtoline` VALUES ('46', '36', '4', '鲁磨路光谷广场');
INSERT INTO `stationtoline` VALUES ('47', '52', '4', '珞喻路湖北省中医院');
INSERT INTO `stationtoline` VALUES ('48', '53', '4', '珞喻路关山口');
INSERT INTO `stationtoline` VALUES ('49', '54', '4', '珞喻东路叶麻店');
INSERT INTO `stationtoline` VALUES ('50', '55', '4', '珞喻东路大黄村');
INSERT INTO `stationtoline` VALUES ('51', '56', '4', '珞喻东路佳园路');
INSERT INTO `stationtoline` VALUES ('52', '57', '4', '珞喻东路森林公园');
INSERT INTO `stationtoline` VALUES ('53', '58', '4', '珞喻东路油篓口');
INSERT INTO `stationtoline` VALUES ('54', '59', '4', '关东园五路创业街');
INSERT INTO `stationtoline` VALUES ('55', '60', '4', '关东园五路荷叶山社区');
INSERT INTO `stationtoline` VALUES ('56', '61', '3', '东一路八一路口');
INSERT INTO `stationtoline` VALUES ('57', '62', '3', '东一路洪山路口');
INSERT INTO `stationtoline` VALUES ('58', '63', '3', '水果湖横路水果湖');
INSERT INTO `stationtoline` VALUES ('59', '64', '3', '东湖路楚河汉街');
INSERT INTO `stationtoline` VALUES ('60', '65', '3', '东湖路中南医院');
INSERT INTO `stationtoline` VALUES ('61', '66', '3', '东湖路蔡家嘴');
INSERT INTO `stationtoline` VALUES ('62', '67', '3', '东湖路省博物馆');
INSERT INTO `stationtoline` VALUES ('63', '68', '3', '东湖路湖北日报');
INSERT INTO `stationtoline` VALUES ('64', '69', '3', '东湖路梨园');
INSERT INTO `stationtoline` VALUES ('65', '70', '3', '徐东大街东湖中学');
INSERT INTO `stationtoline` VALUES ('66', '71', '3', '徐东大街省电大厦');
INSERT INTO `stationtoline` VALUES ('67', '72', '3', '徐东大街汪家墩');
INSERT INTO `stationtoline` VALUES ('68', '73', '3', '徐东大街徐东村');
INSERT INTO `stationtoline` VALUES ('69', '74', '3', '友谊大道才华街');
INSERT INTO `stationtoline` VALUES ('70', '75', '3', '友谊大道才茂街');
INSERT INTO `stationtoline` VALUES ('71', '76', '3', '友谊大道铁机路');
INSERT INTO `stationtoline` VALUES ('72', '77', '3', '友谊大道华城广场');
INSERT INTO `stationtoline` VALUES ('73', '78', '3', '友谊大道柴林花园');
INSERT INTO `stationtoline` VALUES ('74', '79', '3', '园林路钢都花园');
INSERT INTO `stationtoline` VALUES ('75', '80', '3', '园林路瑞丰路');
INSERT INTO `stationtoline` VALUES ('76', '81', '3', '武丰村');
INSERT INTO `stationtoline` VALUES ('77', '82', '5', '东湖东路磨山');
INSERT INTO `stationtoline` VALUES ('78', '83', '5', '鲁磨路梅园');
INSERT INTO `stationtoline` VALUES ('79', '84', '6', '武汉植物园');
INSERT INTO `stationtoline` VALUES ('80', '85', '6', '东湖东路梅园');
INSERT INTO `stationtoline` VALUES ('81', '86', '5', '植物园路193医院');
INSERT INTO `stationtoline` VALUES ('82', '87', '5', '植物园路植物园小区');
INSERT INTO `stationtoline` VALUES ('83', '84', '5', '武汉植物园');
INSERT INTO `stationtoline` VALUES ('84', '88', '5', '植物园路小李村');
INSERT INTO `stationtoline` VALUES ('85', '89', '5', '鲁磨路茅屋岭');
INSERT INTO `stationtoline` VALUES ('86', '90', '5', '鲁磨路毕阁山');
INSERT INTO `stationtoline` VALUES ('87', '32', '5', '鲁磨路南望山');
INSERT INTO `stationtoline` VALUES ('88', '33', '5', '鲁磨路地质大学');
INSERT INTO `stationtoline` VALUES ('89', '34', '5', '鲁磨路中航181');
INSERT INTO `stationtoline` VALUES ('90', '35', '5', '鲁磨路曹家湾');
INSERT INTO `stationtoline` VALUES ('91', '36', '5', '鲁磨路光谷广场');
INSERT INTO `stationtoline` VALUES ('92', '37', '5', '珞喻路鲁巷');
INSERT INTO `stationtoline` VALUES ('93', '91', '5', '珞喻路邮科院');
INSERT INTO `stationtoline` VALUES ('94', '85', '7', '东湖东路梅园');
INSERT INTO `stationtoline` VALUES ('95', '92', '7', '东湖东路东湖医院');
INSERT INTO `stationtoline` VALUES ('96', '93', '7', '东湖东路游泳池');
INSERT INTO `stationtoline` VALUES ('97', '94', '7', '卓刀泉北路风光村');
INSERT INTO `stationtoline` VALUES ('98', '95', '7', '八一路东湖村');
INSERT INTO `stationtoline` VALUES ('99', '48', '7', '八一路珞珈山');
INSERT INTO `stationtoline` VALUES ('100', '47', '7', '珞狮路茶港');
INSERT INTO `stationtoline` VALUES ('101', '96', '7', '珞狮路八一路口');
INSERT INTO `stationtoline` VALUES ('102', '43', '7', '珞狮路北段');
INSERT INTO `stationtoline` VALUES ('103', '97', '7', '武珞路街道口');
INSERT INTO `stationtoline` VALUES ('104', '98', '7', '武珞路丁字桥');
